{
  "version": 1,
  "author": "Fernanda Baggio",
  "editor": "wokwi",
  "parts": [
    { "type": "wokwi-breadboard-half", "id": "bb1", "top": 64.2, "left": 166, "attrs": {} },
    {
      "type": "board-esp32-devkit-c-v4",
      "id": "esp",
      "top": -30.46,
      "left": 234.1,
      "rotate": 90,
      "attrs": {}
    },
    {
      "type": "wokwi-resistor",
      "id": "r1",
      "top": 225.6,
      "left": 421.85,
      "rotate": 90,
      "attrs": { "value": "220" }
    },
    {
      "type": "wokwi-resistor",
      "id": "r2",
      "top": 225.6,
      "left": 345.05,
      "rotate": 90,
      "attrs": { "value": "220" }
    },
    { "type": "wokwi-led", "id": "led1", "top": 150, "left": 435.8, "attrs": { "color": "red" } },
    { "type": "wokwi-led", "id": "led2", "top": 150, "left": 359, "attrs": { "color": "green" } },
    {
      "type": "wokwi-dht22",
      "id": "dht1",
      "top": -28.5,
      "left": 628.2,
      "attrs": { "humidity": "46", "temperature": "33.6" }
    },
    { "type": "wokwi-relay-module", "id": "relay1", "top": -134.2, "left": 556.8, "attrs": {} },
    {
      "type": "wokwi-led",
      "id": "led3",
      "top": -253.2,
      "left": 186.2,
      "attrs": { "color": "cyan", "flip": "" }
    },
    {
      "type": "wokwi-resistor",
      "id": "r3",
      "top": -62.4,
      "left": 172.25,
      "rotate": 90,
      "attrs": { "value": "220" }
    },
    {
      "type": "wokwi-servo",
      "id": "servo1",
      "top": -231.4,
      "left": 241.8,
      "rotate": 270,
      "attrs": {}
    }
  ],
  "connections": [
    [ "esp:TX", "$serialMonitor:RX", "", [] ],
    [ "esp:RX", "$serialMonitor:TX", "", [] ],
    [ "esp:GND.3", "bb1:bn.1", "black", [ "v48", "h-163.2", "v86.4", "h56" ] ],
    [ "esp:3V3", "bb1:bp.25", "red", [ "v0.15", "h182.4", "v220.8" ] ],
    [ "esp:13", "bb1:29b.g", "orange", [ "v-28.65", "h288", "v201.6", "h-57.6", "v-9.6" ] ],
    [ "esp:12", "bb1:21b.g", "green", [ "v-19.05", "h-134.4", "v278.4", "h288" ] ],
    [ "esp:3V3", "dht1:VCC", "red", [ "v-9.45", "h230.4", "v115.2", "h278.4" ] ],
    [ "dht1:GND", "esp:GND.2", "black", [ "v76.8" ] ],
    [ "esp:15", "dht1:SDA", "gray", [ "v172.8", "h355.2", "v-134.4", "h124.8", "v-76.8" ] ],
    [ "relay1:VCC", "esp:3V3", "red", [ "v0" ] ],
    [ "relay1:GND", "esp:GND.1", "black", [ "v0" ] ],
    [ "relay1:IN", "esp:14", "blue", [ "v0" ] ],
    [ "relay1:COM", "esp:3V3", "red", [ "v-19.2", "h-76.8" ] ],
    [ "led3:C", "r3:1", "green", [ "v0" ] ],
    [ "led3:A", "relay1:NO", "gray", [ "v0" ] ],
    [ "esp:GND.1", "r3:2", "black", [ "v0" ] ],
    [ "esp:GND.1", "servo1:GND", "black", [ "v-124.65", "h0", "v-182.4" ] ],
    [ "servo1:V+", "relay1:NO", "red", [ "v19.2", "h134.5" ] ],
    [ "esp:5", "servo1:PWM", "violet", [ "v9.6", "h211.2" ] ],
    [ "r1:1", "bb1:28b.h", "", [ "$bb" ] ],
    [ "r1:2", "bb1:bn.23", "", [ "$bb" ] ],
    [ "r2:1", "bb1:20b.h", "", [ "$bb" ] ],
    [ "r2:2", "bb1:bn.16", "", [ "$bb" ] ],
    [ "led1:A", "bb1:29b.g", "", [ "$bb" ] ],
    [ "led1:C", "bb1:28b.g", "", [ "$bb" ] ],
    [ "led2:A", "bb1:21b.g", "", [ "$bb" ] ],
    [ "led2:C", "bb1:20b.g", "", [ "$bb" ] ],
    [ "esp:0", "bb1:6t.b", "", [ "$bb" ] ],
    [ "esp:2", "bb1:5t.b", "", [ "$bb" ] ],
    [ "esp:4", "bb1:7t.b", "", [ "$bb" ] ],
    [ "esp:5", "bb1:10t.b", "", [ "$bb" ] ],
    [ "esp:15", "bb1:4t.b", "", [ "$bb" ] ],
    [ "esp:16", "bb1:8t.b", "", [ "$bb" ] ],
    [ "esp:17", "bb1:9t.b", "", [ "$bb" ] ],
    [ "esp:18", "bb1:11t.b", "", [ "$bb" ] ],
    [ "esp:19", "bb1:12t.b", "", [ "$bb" ] ],
    [ "esp:21", "bb1:14t.b", "", [ "$bb" ] ],
    [ "esp:22", "bb1:17t.b", "", [ "$bb" ] ],
    [ "esp:23", "bb1:18t.b", "", [ "$bb" ] ],
    [ "esp:GND.2", "bb1:19t.b", "", [ "$bb" ] ],
    [ "esp:TX", "bb1:16t.b", "", [ "$bb" ] ],
    [ "esp:RX", "bb1:15t.b", "", [ "$bb" ] ],
    [ "esp:GND.3", "bb1:13t.b", "", [ "$bb" ] ],
    [ "esp:D1", "bb1:3t.b", "", [ "$bb" ] ],
    [ "esp:D0", "bb1:2t.b", "", [ "$bb" ] ],
    [ "esp:CLK", "bb1:1t.b", "", [ "$bb" ] ]
  ],
  "dependencies": {}
}